mp-1078286,1
mp-1079111,1
mp-1198083,1
mp-1205500,1
mp-1208657,1
mp-18748,1
mp-18973,1
mp-19367,1
mp-20612,1
mp-21355,1
mp-21437,1
mp-21549,1
mp-22973,1
mp-3037,1
mp-4233,1
mp-5561,1
mp-558337,1
mp-559464,1
mp-559680,1
mp-560090,1
mp-646426,1
mp-754958,1
mp-1078314,1
mp-1080749,1
mp-1105563,1
mp-1199036,1
mp-15608,1
mp-17993,1
mp-19017,1
mp-19399,1
mp-20970,1
mp-22100,1
mp-22752,1
mp-2968,1
mp-3579,1
mp-4340,1
mp-510487,1
mp-546936,1
mp-560212,1
mp-568225,1
mp-569858,1
mp-755882,1
mp-863438,1
mp-8832,1
mp-1003,1
mp-1018739,1
mp-1068248,1
mp-1106293,1
mp-1201612,1
mp-18997,1
mp-19082,1
mp-19894,1
mp-20798,1
mp-21337,1
mp-22417,1
mp-2719,1
mp-31513,1
mp-31901,1
mp-4104,1
mp-4150,1
mp-4434,1
mp-5223,1
mp-542850,1
mp-571339,1
mp-611153,1
mp-6130,1
mp-1043484,1
mp-1068010,1
mp-18745,1
mp-18915,1
mp-19061,1
mp-19802,1
mp-19823,1
mp-20227,1
mp-20570,1
mp-22137,1
mp-29615,1
mp-3048,1
mp-4343,1
mp-510529,1
mp-5589,1
mp-568842,1
mp-570031,1
mp-5739,1
mp-5767,1
mp-6186,1
mp-645717,1
mp-756630,1
mp-1018800,1
mp-36447,1
